text,specialty
gynaecology review for menstrual symptoms,Women's Health
headache with general weakness,General Medicine
rash spreading across chest; symptoms and I would like advice,Dermatology
persistent migraine attacks,Neurology
persistent fatigue and body aches,General Medicine
eczema flare with dry skin,Dermatology
heavy menstrual bleeding,Women's Health
difficulty swallowing with sore throat,ENT
chest fluttering and rapid pulse; symptoms for a few days,Cardiology
blood pressure remains high; symptoms and I would like advice,Cardiology
shortness of breath when walking,Respiratory Medicine
general checkup for ongoing tiredness,General Medicine
Please assess back pain after a sports injury and I would like advice,Orthopaedics
ankle swelling with heart concerns,Cardiology
I would like care for sprained ankle and joint pain and I want to see the right specialist,Orthopaedics
I am experiencing low mood and poor sleep for about a week,Mental Health
hair loss and scalp irritation; symptoms for about a week,Dermatology
asthma review for wheezing,Respiratory Medicine
upper abdominal pain after meals,Gastroenterology
anxiety and panic attacks,Mental Health
depression symptoms and lack of motivation,Mental Health
persistent nasal congestion; symptoms and it is affecting daily activities,ENT
itchy rash on both arms,Dermatology
itchy rash on both arms; symptoms that keeps coming back,Dermatology
I have memory problems and headaches and it is affecting daily activities,Neurology
anxiety affecting my sleep,Mental Health
Please assess depression symptoms and lack of motivation and I would like advice,Mental Health
reflux and heartburn most evenings; symptoms and I want to see the right specialist,Gastroenterology
I need help with sore throat and swollen tonsils that keeps coming back,ENT
pelvic discomfort during periods; symptoms for a few days,Women's Health
I am experiencing shoulder pain after lifting for about a week,Orthopaedics
wheeze during exercise,Respiratory Medicine
persistent fatigue and body aches; symptoms for about a week,General Medicine
numbness with balance issues,Neurology
I need help with mental health support for anxiety for about a week,Mental Health
headache fatigue and low energy; symptoms and I want to see the right specialist,General Medicine
pregnancy related questions; symptoms and I want to see the right specialist,Women's Health
I am experiencing red skin lesion that will not heal for a few days,Dermatology
contraception advice and period changes,Women's Health
irregular heartbeat and palpitations,Cardiology
I need help with upper abdominal pain after meals for about a week,Gastroenterology
sore throat and swollen tonsils,ENT
red skin lesion that will not heal,Dermatology
panic episodes in crowded places,Mental Health
I need help with shortness of breath when walking that keeps coming back,Respiratory Medicine
I would like care for chest fluttering and rapid pulse and I want to see the right specialist,Cardiology
stomach pain with constipation,Gastroenterology
abdominal cramps with nausea,Gastroenterology
high blood pressure readings at home,Cardiology
rash spreading across chest,Dermatology
depression symptoms and lack of motivation; symptoms and it is affecting daily activities,Mental Health
persistent cough and chest infection; symptoms for a few days,Respiratory Medicine
knee pain after running,Orthopaedics
wheezing and breathlessness,Respiratory Medicine
I need help with recurrent severe headaches that keeps coming back,Neurology
Please assess ankle swelling with heart concerns and I would like advice,Cardiology
contraception side effects; symptoms and I would like advice,Women's Health
ear pain and reduced hearing; symptoms that keeps coming back,ENT
anxiety and panic attacks; symptoms that keeps coming back,Mental Health
persistent cough and chest infection,Respiratory Medicine
stomach pain and bloating after eating; symptoms that keeps coming back,Gastroenterology
feeling faint and unwell with no clear cause,General Medicine
migraine with light sensitivity,Neurology
memory problems and headaches; symptoms for about a week,Neurology
numbness and tingling in one hand; symptoms and I would like advice,Neurology
I have fever fatigue feeling generally unwell for a few days,General Medicine
stomach pain and bloating after eating,Gastroenterology
women's health check for cycle changes,Women's Health
chest fluttering and rapid pulse,Cardiology
mental health support for anxiety,Mental Health
I have hypertension review and heart health and it is affecting daily activities,Cardiology
constipation and abdominal discomfort; symptoms and it is affecting daily activities,Gastroenterology
headache fatigue and low energy,General Medicine
muscle injury during football,Orthopaedics
mental health support for anxiety; symptoms and I would like advice,Mental Health
I have possible fracture after fall and it is affecting daily activities,Orthopaedics
acid reflux and indigestion,Gastroenterology
back pain after a sports injury,Orthopaedics
persistent acne and skin irritation; symptoms and it is affecting daily activities,Dermatology
hypertension review and heart health; symptoms for about a week,Cardiology
I have persistent nausea and vomiting and it is affecting daily activities,Gastroenterology
muscle injury during football; symptoms and I would like advice,Orthopaedics
seizure follow up; symptoms and I would like advice,Neurology
low mood and poor sleep; symptoms and I would like advice,Mental Health
persistent acne and skin irritation,Dermatology
I am experiencing high blood pressure readings at home for about a week,Cardiology
diarrhoea with stomach cramps; symptoms for a few days,Gastroenterology
dizziness tiredness and weakness for several days; symptoms and I would like advice,General Medicine
heavy menstrual bleeding; symptoms and it is affecting daily activities,Women's Health
contraception advice and period changes; symptoms and I would like advice,Women's Health
I am experiencing numbness and tingling in one hand for about a week,Neurology
blood pressure remains high,Cardiology
I am experiencing persistent low mood and stress for a few days,Mental Health
fever fatigue feeling generally unwell,General Medicine
sinus headaches and blocked nose; symptoms that keeps coming back,ENT
I would like care for diarrhoea with stomach cramps and I want to see the right specialist,Gastroenterology
persistent low mood and stress,Mental Health
heart racing and palpitations; symptoms that keeps coming back,Cardiology
reflux and heartburn most evenings,Gastroenterology
I have difficulty swallowing with sore throat and it is affecting daily activities,ENT
itching skin rash,Dermatology
I have hair loss and scalp irritation and it is affecting daily activities,Dermatology
fast heartbeat with dizziness,Cardiology
Please assess persistent nasal congestion and I would like advice,ENT
panic episodes in crowded places; symptoms for a few days,Mental Health
I have anxiety and panic attacks for a few days,Mental Health
I am experiencing missed period and pregnancy concern for a few days,Women's Health
asthma symptoms getting worse,Respiratory Medicine
Please assess constipation and abdominal discomfort and I would like advice,Gastroenterology
stress and insomnia; symptoms and I want to see the right specialist,Mental Health
I would like care for balance problems and vertigo and I want to see the right specialist,Neurology
palpitations after exercise,Cardiology
persistent knee swelling,Orthopaedics
ear pain and reduced hearing,ENT
possible fracture after fall,Orthopaedics
I am experiencing palpitations after exercise for a few days,Cardiology
tonsil problems and throat pain,ENT
lung symptoms and breathlessness; symptoms that keeps coming back,Respiratory Medicine
I need help with seizure follow up for about a week,Neurology
ear infection symptoms,ENT
feeling overwhelmed and depressed,Mental Health
pregnancy related questions,Women's Health
irregular periods and pelvic pain,Women's Health
Please assess asthma symptoms getting worse and I would like advice,Respiratory Medicine
feeling faint and unwell with no clear cause; symptoms for a few days,General Medicine
knee pain after running; symptoms that keeps coming back,Orthopaedics
bowel changes and bloating,Gastroenterology
I need help with contraception side effects for about a week,Women's Health
stress and insomnia,Mental Health
I am experiencing bowel changes and bloating for a few days,Gastroenterology
cough lasting two weeks,Respiratory Medicine
persistent low mood and stress; symptoms that keeps coming back,Mental Health
shoulder pain after lifting,Orthopaedics
I have ear pain and reduced hearing for a few days,ENT
I am experiencing contraception advice and period changes for about a week,Women's Health
persistent nausea and vomiting,Gastroenterology
missed period and pregnancy concern; symptoms that keeps coming back,Women's Health
I would like care for voice changes and throat discomfort and I want to see the right specialist,ENT
migraine with light sensitivity; symptoms that keeps coming back,Neurology
I have gynaecology review for menstrual symptoms and it is affecting daily activities,Women's Health
I am experiencing sinus headaches and blocked nose for a few days,ENT
I have heart racing and palpitations for a few days,Cardiology
voice changes and throat discomfort; symptoms for a few days,ENT
red skin lesion that will not heal; symptoms that keeps coming back,Dermatology
bowel changes and bloating; symptoms that keeps coming back,Gastroenterology
I would like care for persistent cough and chest infection and I want to see the right specialist,Respiratory Medicine
I am experiencing lung symptoms and breathlessness for a few days,Respiratory Medicine
shortness of breath when walking; symptoms and I want to see the right specialist,Respiratory Medicine
recurrent severe headaches,Neurology
Please assess general checkup for ongoing tiredness and I would like advice,General Medicine
I need help with hip pain when walking that keeps coming back,Orthopaedics
I need help with rash spreading across chest for about a week,Dermatology
new mole that has changed,Dermatology
I have irregular periods and pelvic pain for a few days,Women's Health
persistent nasal congestion,ENT
I need help with headache fatigue and low energy that keeps coming back,General Medicine
hair loss and scalp irritation,Dermatology
anxiety affecting my sleep; symptoms for about a week,Mental Health
I am experiencing wheezing and breathlessness for about a week,Respiratory Medicine
tremor in my hands; symptoms and it is affecting daily activities,Neurology
Please assess heavy menstrual bleeding and I would like advice,Women's Health
I need help with reflux and heartburn most evenings that keeps coming back,Gastroenterology
sprained ankle and joint pain; symptoms for a few days,Orthopaedics
I have migraine with light sensitivity for a few days,Neurology
lung symptoms and breathlessness,Respiratory Medicine
ankle swelling with heart concerns; symptoms and it is affecting daily activities,Cardiology
possible fracture after fall; symptoms for about a week,Orthopaedics
cough with mucus for several days; symptoms and I would like advice,Respiratory Medicine
I would like care for feeling faint and unwell with no clear cause and I want to see the right specialist,General Medicine
shoulder injury with limited movement,Orthopaedics
Please assess tremor in my hands and I would like advice,Neurology
hip pain when walking; symptoms and I want to see the right specialist,Orthopaedics
numbness and tingling in one hand,Neurology
I am experiencing eczema flare with dry skin for about a week,Dermatology
Please assess persistent acne and skin irritation and I would like advice,Dermatology
irregular heartbeat and palpitations; symptoms and I want to see the right specialist,Cardiology
new mole that has changed; symptoms and I want to see the right specialist,Dermatology
joint pain and reduced movement,Orthopaedics
I am experiencing abdominal cramps with nausea for about a week,Gastroenterology
insomnia with racing thoughts,Mental Health
low mood and poor sleep,Mental Health
general health concerns and dizziness; symptoms and I would like advice,General Medicine
missed period and pregnancy concern,Women's Health
sore throat and swollen tonsils; symptoms and I want to see the right specialist,ENT
I am experiencing nerve pain with tingling for a few days,Neurology
nerve pain with tingling,Neurology
shoulder pain after lifting; symptoms and I would like advice,Orthopaedics
difficulty swallowing with sore throat; symptoms for about a week,ENT
general checkup for ongoing tiredness; symptoms and it is affecting daily activities,General Medicine
I need help with muscle injury during football for about a week,Orthopaedics
palpitations after exercise; symptoms that keeps coming back,Cardiology
asthma symptoms getting worse; symptoms and it is affecting daily activities,Respiratory Medicine
I need help with new mole that has changed that keeps coming back,Dermatology
hip pain when walking,Orthopaedics
sprained ankle and joint pain,Orthopaedics
nerve pain with tingling; symptoms that keeps coming back,Neurology
cough lasting two weeks; symptoms that keeps coming back,Respiratory Medicine
I have persistent fatigue and body aches and it is affecting daily activities,General Medicine
I would like care for itching skin rash and I want to see the right specialist,Dermatology
hypertension review and heart health,Cardiology
cough with mucus for several days,Respiratory Medicine
abdominal cramps with nausea; symptoms and I would like advice,Gastroenterology
voice changes and throat discomfort,ENT
fever fatigue feeling generally unwell; symptoms that keeps coming back,General Medicine
recurrent severe headaches; symptoms and I want to see the right specialist,Neurology
pelvic discomfort during periods,Women's Health
I have itchy rash on both arms for a few days,Dermatology
eczema flare with dry skin; symptoms and I would like advice,Dermatology
I need help with general health concerns and dizziness for about a week,General Medicine
itching skin rash; symptoms for a few days,Dermatology
painful periods and pelvic cramps,Women's Health
I would like care for pelvic discomfort during periods and I want to see the right specialist,Women's Health
dry flaky eczema patches,Dermatology
blocked nose and sinus pressure; symptoms and I would like advice,ENT
contraception side effects,Women's Health
high blood pressure readings at home; symptoms and I would like advice,Cardiology
I would like care for panic episodes in crowded places and I want to see the right specialist,Mental Health
suspicious mole on my back,Dermatology
irregular periods and pelvic pain; symptoms that keeps coming back,Women's Health
I am experiencing joint pain and reduced movement for a few days,Orthopaedics
I need help with irregular heartbeat and palpitations that keeps coming back,Cardiology
I need help with ringing in ear with hearing change for about a week,ENT
I am experiencing blocked nose and sinus pressure for about a week,ENT
dizziness tiredness and weakness for several days,General Medicine
I need help with stress and insomnia that keeps coming back,Mental Health
ringing in ear with hearing change; symptoms and I would like advice,ENT
balance problems and vertigo; symptoms for a few days,Neurology
I have wheeze during exercise and it is affecting daily activities,Respiratory Medicine
gynaecology review for menstrual symptoms; symptoms for about a week,Women's Health
balance problems and vertigo,Neurology
constipation and abdominal discomfort,Gastroenterology
I need help with pregnancy related questions that keeps coming back,Women's Health
joint pain and reduced movement; symptoms that keeps coming back,Orthopaedics
I have knee pain after running for a few days,Orthopaedics
blocked nose and sinus pressure,ENT
I need help with blood pressure remains high for about a week,Cardiology
wheezing and breathlessness; symptoms and I would like advice,Respiratory Medicine
mild fever with weakness and reduced appetite,General Medicine
I need help with cough with mucus for several days for about a week,Respiratory Medicine
upper abdominal pain after meals; symptoms and I would like advice,Gastroenterology
seizure follow up,Neurology
tremor in my hands,Neurology
mild fever with weakness and reduced appetite; symptoms that keeps coming back,General Medicine
general health concerns and dizziness,General Medicine
tired all the time and feeling unwell,General Medicine
diarrhoea with stomach cramps,Gastroenterology
wheeze during exercise; symptoms for about a week,Respiratory Medicine
I am experiencing mild fever with weakness and reduced appetite for a few days,General Medicine
breathing feels tight with cough,Respiratory Medicine
I have anxiety affecting my sleep and it is affecting daily activities,Mental Health
ringing in ear with hearing change,ENT
back pain after a sports injury; symptoms and it is affecting daily activities,Orthopaedics
heart racing and palpitations,Cardiology
sinus headaches and blocked nose,ENT
cardiac follow up for palpitations,Cardiology
I have stomach pain and bloating after eating for a few days,Gastroenterology
persistent nausea and vomiting; symptoms for about a week,Gastroenterology
I have cough lasting two weeks for a few days,Respiratory Medicine
I am experiencing dizziness tiredness and weakness for several days for about a week,General Medicine
memory problems and headaches,Neurology
